table,pool,system,id,version,family,tier,sets,n,n_miss,n_hit,weighted,miss,hit,ref_x1,delta_vs_x1,ci_low_vs_x1,ci_high_vs_x1,p_signflip_vs_x1,ref_gates,delta_vs_gates,ci_low_vs_gates,ci_high_vs_gates,p_signflip_vs_gates,wall_mean_ms,wall_p50_ms,wall_p95_ms,wall_max_ms,calls_mean,real_calls_mean,gpu_j_per_q,gpu_j_per_q_ci95,gpu_marginal_j_per_q,gpu_j_per_correct,cpu_attributed_j_per_q,total_j_per_correct,idle_gpu_w
fresh,S300-4,gates,gates,1+cold,unwrapped,one-shot,S300-4,300,100,200,87.92,32.00,92.00,x1,1.04,-2.16,3.51,0.4952,,,,,,783,734,1305,2464,1.02,1.02,,,,,,,
fresh,S300-5,gates,gates,1+cold,unwrapped,one-shot,S300-5,300,100,200,83.17,17.00,88.00,x1,0.38,-1.53,2.74,0.8556,,,,,,967,919,1489,2656,1.04,1.04,,,,,,,
fresh,pooled S4+S5,gates,gates,1+cold,unwrapped,one-shot,S300-4+S300-5,600,200,400,85.55,24.50,90.00,x1,0.71,-2.07,2.43,0.5150,,,,,,875,815,1442,2656,1.03,1.03,,,,,,,
fresh,S300-4,x1,x1,1+cold,unwrapped,hybrid,S300-4,300,100,200,86.88,51.00,89.50,,,,,,gates,-1.04,-3.51,2.16,0.4952,1906,1965,3487,4918,5.74,5.74,,,,,,,
fresh,S300-5,x1,x1,1+cold,unwrapped,hybrid,S300-5,300,100,200,82.79,32.00,86.50,,,,,,gates,-0.38,-2.74,1.53,0.8556,2391,2512,4168,6639,5.99,5.99,,,,,,,
fresh,pooled S4+S5,x1,x1,1+cold,unwrapped,hybrid,S300-4+S300-5,600,200,400,84.84,41.50,88.00,,,,,,gates,-0.71,-2.43,2.07,0.5150,2148,2095,3952,6639,5.87,5.87,,,,,,,
fresh,FULL-2,det gates,i-det-gates,2+cold,det,one-shot,FULL-2,600,150,450,84.29,27.33,88.44,i-det-x1,-1.11,-3.57,0.82,0.2451,,,,,,807,741,1254,3035,2.05,1.02,,,,,,,
fresh,S300-4,det x1,i-det-x1,2+cold,det,hybrid,S300-4,300,100,200,86.95,52.00,89.50,,,,,,,,,,,1997,2069,3711,5259,11.38,5.69,,,,,,,
fresh,S300-5,det x1,i-det-x1,2+cold,det,hybrid,S300-5,300,100,200,82.19,30.00,86.00,,,,,,,,,,,2053,2174,3756,4919,11.89,5.95,,,,,,,
fresh,FULL-2,det x1,i-det-x1,2+cold,det,hybrid,FULL-2,600,150,450,85.40,40.67,88.67,,,,,,i-det-gates,1.11,-0.82,3.57,0.2451,1944,1863,3870,6493,10.99,5.49,,,,,,,
fresh,S4+S5,det x1,i-det-x1,2+cold,det,hybrid,S300-4+S300-5,600,200,400,84.57,41.00,87.75,,,,,,,,,,,2025,2097,3742,5259,11.64,5.82,,,,,,,
fresh,pooled S4+S5+F2,det x1,i-det-x1,2+cold,det,hybrid,S300-4+S300-5+FULL-2,1200,350,850,85.01,40.86,88.24,,,,,,,,,,,1985,2012,3764,6493,11.31,5.66,,,,,,,
fresh,S300-4,det q1,q-det-q1,1+cold,det,hybrid,S300-4,300,100,200,89.36,60.00,91.50,i-det-x1,2.41,0.42,4.50,0.0316,,,,,,2444,2472,4507,5939,13.22,6.61,,,,,,,
fresh,S300-5,det q1,q-det-q1,1+cold,det,hybrid,S300-5,300,100,200,82.19,30.00,86.00,i-det-x1,0.00,-1.81,1.94,1.0000,,,,,,2545,2594,4581,5847,14.21,7.11,,,,,,,
fresh,FULL-2,det q1,q-det-q1,1+cold,det,hybrid,FULL-2,600,150,450,86.82,49.33,89.56,i-det-x1,1.42,0.59,2.20,0.0066,i-det-gates,2.53,0.40,5.13,0.0096,2363,2363,4453,7349,13.02,6.51,,,,,,,
fresh,S4+S5,det q1,q-det-q1,1+cold,det,hybrid,S300-4+S300-5,600,200,400,85.77,45.00,88.75,i-det-x1,1.20,-0.07,2.96,0.1090,,,,,,2494,2549,4563,5939,13.72,6.86,,,,,,,
fresh,pooled S4+S5+F2,det q1,q-det-q1,1+cold,det,hybrid,S300-4+S300-5+FULL-2,1200,350,850,86.30,46.86,89.18,i-det-x1,1.29,0.49,2.47,0.0036,,,,,,2429,2444,4515,7349,13.37,6.68,,,,,,,
fresh,S300-4,det q2,q-det-q2,1+cold,det,hybrid,S300-4,300,100,200,88.89,60.00,91.00,i-det-x1,1.94,-0.63,4.19,0.1791,,,,,,2436,2461,4435,5915,13.19,6.60,,,,,,,
fresh,S300-5,det q2,q-det-q2,1+cold,det,hybrid,S300-5,300,100,200,85.26,34.00,89.00,i-det-x1,3.07,0.72,6.55,0.0781,,,,,,2524,2601,4677,5684,14.14,7.07,,,,,,,
fresh,FULL-2,det q2,q-det-q2,1+cold,det,hybrid,FULL-2,600,150,450,86.32,48.00,89.11,i-det-x1,0.91,-1.55,3.12,0.4199,i-det-gates,2.03,-0.60,4.89,0.0977,2362,2366,4521,7535,13.06,6.53,,,,,,,
fresh,S4+S5,det q2,q-det-q2,1+cold,det,hybrid,S300-4+S300-5,600,200,400,87.08,47.00,90.00,i-det-x1,2.51,0.23,4.58,0.0256,,,,,,2480,2536,4597,5915,13.67,6.83,,,,,,,
fresh,pooled S4+S5+F2,det q2,q-det-q2,1+cold,det,hybrid,S300-4+S300-5+FULL-2,1200,350,850,86.67,47.43,89.53,i-det-x1,1.65,0.17,3.31,0.0380,,,,,,2421,2461,4540,7535,13.36,6.68,,,,,,,
fresh_other,S300-4,d6,d6,1+cold,unwrapped,hybrid,S300-4,300,100,200,86.55,53.00,89.00,x1,-0.33,-1.59,0.28,0.9382,gates,-1.37,-4.26,1.92,0.3764,1926,2000,3603,4954,5.73,5.73,,,,,,,
fresh_other,S300-5,d6,d6,1+cold,unwrapped,hybrid,S300-5,300,100,200,82.86,33.00,86.50,x1,0.07,0.07,0.07,1.0000,gates,-0.31,-2.67,1.60,0.8908,1982,2097,3599,5345,6.03,6.03,,,,,,,
fresh_other,pooled S4+S5,d6,d6,1+cold,unwrapped,hybrid,S300-4+S300-5,600,200,400,84.71,43.00,87.75,x1,-0.13,-0.84,0.16,0.9689,gates,-0.84,-2.50,1.76,0.4474,1954,2031,3599,5345,5.88,5.88,,,,,,,
fresh_other,S300-4,d8,d8,1+cold,unwrapped,hybrid,S300-4,300,100,200,87.95,53.00,90.50,x1,1.07,-0.81,2.92,0.2834,gates,0.03,-2.93,3.23,0.9715,1921,1963,3595,4969,5.73,5.73,,,,,,,
fresh_other,S300-5,d8,d8,1+cold,unwrapped,hybrid,S300-5,300,100,200,82.66,30.00,86.50,x1,-0.14,-1.42,1.23,0.8117,gates,-0.51,-3.64,2.02,0.7905,1975,2097,3616,5320,6.01,6.01,,,,,,,
fresh_other,pooled S4+S5,d8,d8,1+cold,unwrapped,hybrid,S300-4+S300-5,600,200,400,85.30,41.50,88.50,x1,0.47,-0.69,1.59,0.5155,gates,-0.24,-2.20,2.60,0.8355,1948,2025,3615,5320,5.87,5.87,,,,,,,
fresh_other,S300-4,c-fin3,c-fin3,1+cold,unwrapped,hybrid,S300-4,300,100,200,86.81,50.00,89.50,x1,-0.07,-2.02,1.75,1.0000,gates,-1.11,-3.47,1.77,0.4734,1874,1976,3468,5018,5.68,5.68,,,,,,,
fresh_other,S300-5,c-fin3,c-fin3,1+cold,unwrapped,hybrid,S300-5,300,100,200,84.46,36.00,88.00,x1,1.67,-0.30,4.03,0.2466,gates,1.29,-2.04,4.15,0.4164,1950,2078,3453,4779,6.03,6.03,,,,,,,
fresh_other,pooled S4+S5,c-fin3,c-fin3,1+cold,unwrapped,hybrid,S300-4+S300-5,600,200,400,85.64,43.00,88.75,x1,0.80,-0.89,1.84,0.4881,gates,0.09,-1.70,2.30,0.9300,1912,2010,3463,5018,5.86,5.86,,,,,,,
fresh_other,S300-4,c-fin4,c-fin4,1+cold,unwrapped,one-shot,S300-4,300,100,200,84.85,28.00,89.00,x1,-2.03,-4.29,0.16,0.2374,gates,-3.07,-5.70,-0.56,0.0167,762,719,1258,2407,1.02,1.02,,,,,,,
fresh_other,S300-5,c-fin4,c-fin4,1+cold,unwrapped,one-shot,S300-5,300,100,200,84.84,21.00,89.50,x1,2.05,-0.75,5.36,0.3177,gates,1.67,-1.72,5.11,0.2864,762,725,1167,2371,1.03,1.03,,,,,,,
fresh_other,pooled S4+S5,c-fin4,c-fin4,1+cold,unwrapped,one-shot,S300-4+S300-5,600,200,400,84.85,24.50,89.25,x1,0.01,-2.71,1.62,1.0000,gates,-0.70,-3.04,1.55,0.5546,762,723,1181,2407,1.03,1.03,,,,,,,
fresh_other,S300-4,u-xyc,u-xyc,1+cold,unwrapped,hybrid,S300-4,300,100,200,86.81,50.00,89.50,x1,-0.07,-2.25,2.10,1.0000,gates,-1.11,-3.92,2.22,0.5941,2238,2121,3713,5098,5.74,5.74,,,,,,,
fresh_other,S300-5,u-xyc,u-xyc,1+cold,unwrapped,hybrid,S300-5,300,100,200,82.86,33.00,86.50,x1,0.07,-1.85,1.82,1.0000,gates,-0.31,-3.13,1.99,0.8970,2313,2233,3513,5588,5.99,5.99,,,,,,,
fresh_other,pooled S4+S5,u-xyc,u-xyc,1+cold,unwrapped,hybrid,S300-4+S300-5,600,200,400,84.84,41.50,88.00,x1,0.00,-1.49,1.41,1.0000,gates,-0.71,-2.45,2.21,0.5912,2276,2188,3555,5588,5.87,5.87,,,,,,,
fresh_other,S300-4,u-gpad,u-gpad,1+cold,unwrapped,one-shot,S300-4,300,100,200,86.78,29.00,91.00,x1,-0.10,-2.27,1.85,0.9433,gates,-1.14,-4.05,2.19,0.3433,1076,980,1796,2890,1.02,1.02,,,,,,,
fresh_other,S300-5,u-gpad,u-gpad,1+cold,unwrapped,one-shot,S300-5,300,100,200,85.64,19.00,90.50,x1,2.84,0.81,4.79,0.1438,gates,2.47,0.14,4.86,0.1469,1106,1037,1856,2902,1.04,1.04,,,,,,,
fresh_other,pooled S4+S5,u-gpad,u-gpad,1+cold,unwrapped,one-shot,S300-4+S300-5,600,200,400,86.21,24.00,90.75,x1,1.37,-0.57,2.51,0.2695,gates,0.66,-1.40,2.94,0.5997,1091,1010,1799,2902,1.03,1.03,,,,,,,
tiers_dev,S300-1,P-B,pb,1,unwrapped,one-shot,S300-1,300,100,200,77.63,4.00,83.00,x1,-10.05,-14.41,-6.15,0.0000,gates,-6.23,-12.64,-0.34,0.0051,634,607,955,1555,1.00,1.00,,,,,,,
tiers_dev,S300-1,gates,gates,1+cold,unwrapped,one-shot,S300-1,300,100,200,83.86,34.00,87.50,x1,-3.82,-6.94,-0.89,0.0172,,,,,,756,728,1073,1662,1.02,1.02,,,,,,,
tiers_dev,S300-1,x1,x1,1+cold,unwrapped,hybrid,S300-1,300,100,200,87.68,49.00,90.50,,,,,,gates,3.82,0.90,6.94,0.0172,1999,1971,3919,5361,5.41,5.41,,,,,,,
tiers_dev,S300-1,q1,q1,1+cold,unwrapped,hybrid,S300-1,300,100,200,88.15,56.00,90.50,x1,0.48,0.13,0.86,0.0156,gates,4.29,1.24,7.62,0.0067,2261,2350,4212,6684,6.70,6.70,,,,,,,
tiers_dev,S300-1,g5,g5,1+cold,unwrapped,agentic,S300-1,300,100,200,86.01,45.00,89.00,x1,-1.67,-3.83,0.46,0.1330,gates,2.15,-0.35,4.91,0.1776,1471,1430,2055,2827,3.85,3.85,,,,,,,
tiers_dev,S300-1,t-lk,t-lk,1+cold,unwrapped,agentic,S300-1,300,100,200,86.08,46.00,89.00,x1,-1.60,-3.94,0.82,0.2639,gates,2.21,-0.38,4.88,0.0824,1177,959,2284,3078,3.47,3.47,,,,,,,
tiers_dev_det,S300-1,det gates,i-det-gates,2+cold,det,one-shot,S300-1,300,100,200,83.86,34.00,87.50,i-det-x1,-3.42,-6.15,-0.85,0.0131,,,,,,790,766,1130,1708,2.04,1.02,,,,,,,
tiers_dev_det,S300-1,det x1,i-det-x1,2+cold,det,hybrid,S300-1,300,100,200,87.28,50.00,90.00,,,,,,i-det-gates,3.42,0.85,6.16,0.0131,1947,2070,3529,4741,10.77,5.38,,,,,,,
tiers_dev_det,S300-1,det q1,q-det-q1,1+cold,det,hybrid,S300-1,300,100,200,87.69,56.00,90.00,i-det-x1,0.41,0.00,0.82,0.0710,i-det-gates,3.83,1.10,6.79,0.0050,2440,2498,4438,6995,13.43,6.71,,,,,,,
tiers_dev_det,S300-1,det q2,q-det-q2,1+cold,det,hybrid,S300-1,300,100,200,87.82,58.00,90.00,i-det-x1,0.54,-1.30,2.32,0.6023,i-det-gates,3.96,1.34,6.60,0.0097,2398,2448,4441,6852,13.31,6.65,,,,,,,
tiers_dev_det,S300-1,det t-lk,i-det-tlk,2+cold,det,agentic,S300-1,300,100,200,86.08,46.00,89.00,i-det-x1,-1.20,-3.58,1.03,0.2998,i-det-gates,2.21,0.77,4.02,0.0000,1283,1048,2568,3343,6.87,3.44,,,,,,,
energy,S300-1,P-B,i-e-pb,,unwrapped,one-shot,S300-1,300,,,77.63,,,,,,,,,,,,,647,,,,1.00,,72.2,3.4,66.9,92.9,5.3,92.9,8.18
energy,S300-1,gates,i-e-gates,,unwrapped,one-shot,S300-1,300,,,83.86,,,,,,,,,,,,,759,,,,1.02,,80.4,4.1,74.2,95.9,6.7,96.5,8.18
energy,S300-1,t-lk,i-e-tlk,,unwrapped,agentic,S300-1,300,,,86.08,,,,,,,,,,,,,1099,,,,3.47,,105.0,6.3,96.0,122.0,18.0,132.5,8.18
energy,S300-1,x1,i-e-x1,,unwrapped,hybrid,S300-1,300,,,87.68,,,,,,,,,,,,,1687,,,,5.41,,165.3,12.1,151.5,188.6,22.9,199.0,8.18
energy,S300-1,det gates,i-det-gates,,det,one-shot,S300-1,300,,,83.86,,,,,,,,,,,,,789,,,,2.04,,79.4,3.9,73.0,94.7,8.2,96.7,8.18
energy,S300-1,det t-lk,i-det-tlk,,det,agentic,S300-1,300,,,86.08,,,,,,,,,,,,,1180,,,,6.87,,109.0,6.9,99.3,126.6,18.8,137.2,8.18
energy,S300-1,det x1,i-det-x1,,det,hybrid,S300-1,300,,,87.28,,,,,,,,,,,,,1813,,,,10.77,,173.4,12.2,158.6,198.7,30.4,216.6,8.18
energy,S300-1,q1,q1,,unwrapped,hybrid,S300-1,300,,,88.15,,,,,,,,,,,,,2136,,,,6.70,,188.5,13.0,174.4,213.8,7.0,205.8,6.61
energy,FULL-2,det gates,i-det-gates,,det,one-shot,FULL-2,600,,,84.29,,,,,,,,,,,,,774,,,,2.05,,81.3,2.7,76.1,96.4,,,6.76
energy,FULL-2,det x1,i-det-x1,,det,hybrid,FULL-2,600,,,85.40,,,,,,,,,,,,,1743,,,,10.99,,167.9,7.9,156.1,196.6,,,6.76
energy,FULL-2,det q1,q-det-q1,,det,hybrid,FULL-2,600,,,86.82,,,,,,,,,,,,,2164,,,,13.02,,189.2,8.7,174.6,217.9,,,6.76
energy,FULL-2,det q2,q-det-q2,,det,hybrid,FULL-2,600,,,86.32,,,,,,,,,,,,,2169,,,,13.06,,188.8,8.7,174.1,218.7,,,6.76
