row,variant,category,sets,version,n,n_miss,n_hit,weighted,miss,hit,delta_vs_gates,ci_low,ci_high,ci_method,cluster_ci_low,cluster_ci_high,gates_weighted_same_questions,wall_mean_ms,wall_p50_ms,wall_p95_ms,wall_max_ms,calls_mean,calls_max,technical_failures,output_limit
set,a1,hybrid,S300-2,1+cold,300,100,200,84.12,31.00,88.00,-0.93,-5.51,3.25,cluster,,,,1128,1073,1731,2979,2.01,3,0,0
set,a2,agent,S300-2,1+cold,300,100,200,81.53,34.00,85.00,-3.52,-8.57,1.15,cluster,,,,1057,991,1660,2245,2.20,5,0,0
set,a3,agent,S300-2,1+cold,300,100,200,82.73,31.00,86.50,-2.33,-6.58,1.71,cluster,,,,918,829,1501,3622,2.10,4,0,0
set,a4,hybrid,S300-2,1+cold,300,100,200,85.06,31.00,89.00,0.00,0.00,0.00,cluster,,,,792,736,1317,2057,1.14,3,0,0
set,a5,hybrid,S300-2,1+cold,300,100,200,85.46,37.00,89.00,0.41,0.23,0.61,cluster,,,,987,933,1406,3210,2.08,4,0,0
set,a5,hybrid,S300-3,1+cold,300,100,200,84.32,27.00,88.50,0.61,0.16,0.97,cluster,,,,974,950,1398,3273,2.08,4,2,0
set,agent,agent,S300-2,1+cold,300,100,200,41.62,9.00,44.00,-43.44,-51.05,-36.00,cluster,,,,960,944,1432,2377,2.88,5,0,0
set,agent,agent,S300-1,1+cold,300,100,200,36.83,14.00,38.50,-47.03,-53.58,-40.85,cluster,,,,932,916,1419,1876,2.86,5,0,1
set,agent,agent,FULL-0,1,600,150,450,36.85,12.00,38.67,-49.98,-54.72,-44.72,cluster,,,,906,899,1348,1961,2.83,5,0,0
set,cascg,one-shot,S300-1,1,300,100,200,78.58,18.00,83.00,-5.28,-11.76,0.49,cluster,,,,757,706,1195,1652,1.10,3,0,3
set,e1,agent,S300-2,1+cold,300,100,200,86.75,49.00,89.50,1.69,-0.82,4.57,cluster,,,,2004,1952,4237,7131,5.97,14,0,0
set,e1,agent,S300-1,1+cold,300,100,200,87.41,45.00,90.50,3.54,0.89,6.51,cluster,,,,1976,1928,4228,6357,5.82,14,0,1
set,e1o,diagnostic,S300-2,1+cold,300,100,200,86.01,45.00,89.00,0.95,-2.08,4.16,cluster,,,,1,0,0,158,0.00,0,0,0
set,e1o,diagnostic,S300-1,1+cold,300,100,200,86.75,49.00,89.50,2.88,-0.21,6.13,cluster,,,,1,0,0,158,0.00,0,0,1
set,estar,one-shot,FULL-0,1,600,150,450,82.29,4.00,88.00,-4.55,-7.01,-1.83,cluster,,,,645,624,949,1461,1.00,1,0,0
set,g1,agent,S300-2,2+cold,300,100,200,83.58,23.00,88.00,-1.48,-4.51,1.74,cluster,,,,1287,1238,1903,3140,3.68,5,0,0
set,g1,agent,S300-1,2+cold,300,100,200,82.79,32.00,86.50,-1.07,-4.39,2.68,cluster,,,,1312,1274,1899,2706,3.72,5,0,1
set,g10,hybrid,S300-3,1+cold,300,100,200,84.99,30.00,89.00,1.28,-0.31,2.85,cluster,,,,1414,1124,2713,3713,2.71,6,0,0
set,g10,hybrid,FULL-0,1+cold,600,150,450,85.86,41.33,89.11,-0.97,-2.73,0.82,cluster,,,,1402,1030,2690,4548,2.62,6,0,0
set,g2,agent,S300-2,2+cold,300,100,200,85.00,37.00,88.50,-0.06,-1.32,0.81,cluster,,,,1667,1598,2436,3256,2.65,4,0,0
set,g2,agent,S300-1,2+cold,300,100,200,84.34,41.00,87.50,0.48,0.12,0.87,cluster,,,,1644,1595,2360,3029,2.66,5,0,1
set,g5,agent,S300-2,1+cold,300,100,200,84.87,42.00,88.00,-0.18,-3.47,3.15,cluster,,,,1484,1458,2070,2626,3.82,5,0,1
set,g5,agent,S300-1,1+cold,300,100,200,86.01,45.00,89.00,2.15,-0.35,4.91,cluster,,,,1471,1430,2055,2827,3.85,5,0,2
set,g5,agent,S300-3,1+cold,300,100,200,87.12,34.00,91.00,3.42,-0.15,7.12,cluster,,,,1505,1433,2151,3312,3.90,5,0,0
set,g5,agent,FULL-0,1+cold,600,150,450,84.66,42.00,87.78,-2.17,-4.57,0.23,cluster,,,,1498,1456,2019,3785,3.84,5,0,0
set,g5,agent,FULL-1,1+cold,600,150,450,85.27,38.67,88.67,0.63,-2.05,2.69,cluster,,,,1469,1410,2085,3459,3.88,5,2,1
set,g6,agent,S300-2,1+cold,300,100,200,85.07,38.00,88.50,0.01,-1.23,0.87,cluster,,,,1637,1564,2303,2935,2.66,5,0,0
set,g6,agent,S300-1,1+cold,300,100,200,84.27,40.00,87.50,0.41,0.07,0.79,cluster,,,,1645,1590,2351,3013,2.67,5,0,1
set,g7,agent,S300-2,1+cold,300,100,200,84.86,35.00,88.50,-0.19,-1.49,0.74,cluster,,,,1662,1581,2421,3529,2.72,6,0,0
set,g8,agent,S300-2,1+cold,300,100,200,84.86,35.00,88.50,-0.19,-1.48,0.73,cluster,,,,1614,1557,2402,3215,2.43,5,0,0
set,g9,agent,S300-2,1+cold,300,100,200,84.80,41.00,88.00,-0.25,-3.23,3.13,cluster,,,,1744,1659,2513,3109,3.83,5,0,1
set,gate,one-shot,S300-1,1+cold,300,100,200,78.93,30.00,82.50,-4.93,-11.27,0.72,cluster,,,,724,693,1068,1627,1.00,1,0,3
set,gatea,one-shot,S300-1,1+cold,300,100,200,79.46,31.00,83.00,-4.40,-10.68,1.24,cluster,,,,736,703,1068,1615,1.04,2,0,3
set,gatea,one-shot,FULL-0,1+cold,600,150,450,83.43,36.00,86.89,-3.40,-5.54,-1.25,cluster,,,,738,706,1046,2544,1.02,2,0,0
set,gates,one-shot,S300-2,1+cold,300,100,200,85.06,31.00,89.00,,,,,,,,763,725,1149,2052,1.04,2,0,0
set,gates,one-shot,S300-1,1+cold,300,100,200,83.86,34.00,87.50,,,,,,,,756,728,1073,1662,1.02,2,0,1
set,gates,one-shot,S300-3,1+cold,300,100,200,83.71,18.00,88.50,,,,,,,,745,723,1103,3030,1.03,2,2,0
set,gates,one-shot,FULL-0,1+cold,600,150,450,86.83,37.33,90.44,,,,,,,,752,714,1092,2680,1.01,2,0,0
set,gates,one-shot,FULL-1,1+cold,600,150,450,84.63,29.33,88.67,,,,,,,,739,700,1120,2209,1.03,2,3,1
set,gates6,one-shot,S300-1,1+cold,300,100,200,83.73,32.00,87.50,-0.14,-0.54,0.31,cluster,,,,773,740,1110,1707,1.02,2,0,1
set,gates6,one-shot,FULL-0,1+cold,600,150,450,86.74,36.00,90.44,-0.09,-0.31,0.10,cluster,,,,767,738,1091,1851,1.01,2,2,0
set,gatesf,one-shot,S300-1,1+cold,300,100,200,83.66,31.00,87.50,-0.20,-2.79,2.51,cluster,,,,761,725,1154,1601,1.02,2,0,1
set,gatesf,one-shot,FULL-0,1+cold,600,150,450,84.67,36.00,88.22,-2.16,-4.01,-0.17,cluster,,,,762,728,1082,2701,1.02,2,0,0
set,gatesi,one-shot,S300-1,1+cold,300,100,200,85.06,31.00,89.00,1.19,-0.77,3.43,cluster,,,,771,752,1088,1647,1.02,2,0,1
set,gatesi,one-shot,FULL-0,1+cold,600,150,450,85.62,34.67,89.33,-1.22,-2.87,0.68,cluster,,,,777,745,1093,1883,1.01,2,1,0
set,gatesm,one-shot,S300-1,1+cold,300,100,200,82.86,33.00,86.50,-1.00,-3.33,1.27,cluster,,,,761,721,1089,1693,1.02,2,0,1
set,gatesm,one-shot,FULL-0,1+cold,600,150,450,85.45,35.33,89.11,-1.38,-3.47,0.62,cluster,,,,764,726,1100,2714,1.01,2,0,0
set,h4,hybrid,S300-2,1+cold,300,100,200,85.55,52.00,88.00,0.50,-0.70,1.52,cluster,,,,2017,1610,4011,5797,5.96,20,0,0
set,h4,hybrid,S300-1,1+cold,300,100,200,85.43,57.00,87.50,1.56,-1.13,4.36,cluster,,,,1952,1585,3681,5000,5.87,19,0,1
set,h6,hybrid,S300-2,1+cold,300,100,200,85.02,51.00,87.50,-0.04,-1.47,1.24,cluster,,,,1991,1601,3923,6787,5.96,20,0,0
set,hdru,one-shot,S300-1,1,300,100,200,82.67,37.00,86.00,-1.19,-4.35,2.02,cluster,,,,629,607,914,1562,1.00,1,0,1
set,hdru,one-shot,FULL-0,1,600,150,450,80.94,42.00,83.78,-5.90,-8.33,-3.14,cluster,,,,648,620,963,2413,1.00,1,0,0
set,hdru6,one-shot,S300-1,1,300,100,200,82.14,43.00,85.00,-1.72,-6.21,2.69,cluster,,,,693,653,1055,1892,1.00,1,0,1
set,hdru6,one-shot,FULL-0,1+cold,600,150,450,80.32,42.00,83.11,-6.52,-8.78,-4.15,cluster,,,,711,684,1049,1856,1.00,1,2,0
set,hdrud10,one-shot,S300-1,1,300,100,200,81.80,38.00,85.00,-2.06,-6.15,2.01,cluster,,,,635,608,938,1555,1.00,1,0,1
set,hdrud10,one-shot,FULL-0,1+cold,600,150,450,82.55,41.33,85.56,-4.28,-6.93,-1.51,cluster,,,,655,636,980,2425,1.00,1,0,0
set,hfill,one-shot,S300-1,1,300,100,200,82.00,34.00,85.50,-1.86,-5.48,1.91,cluster,,,,703,670,1032,1617,1.00,1,0,2
set,hfill,one-shot,FULL-0,1+cold,600,150,450,81.91,38.00,85.11,-4.93,-7.37,-2.66,cluster,,,,723,702,1038,2551,1.00,1,0,0
set,j1,agent,S300-2,1+cold,300,100,200,84.75,47.00,87.50,-0.31,-3.58,3.06,cluster,,,,1485,1154,3296,4388,4.67,14,0,0
set,j1,agent,S300-1,1+cold,300,100,200,87.41,45.00,90.50,3.54,0.44,6.87,cluster,,,,1455,1207,3135,4135,4.52,14,0,0
set,j2,agent,S300-2,1+cold,300,100,200,86.94,45.00,90.00,1.88,-0.73,4.80,cluster,,,,1778,1361,3418,4315,5.50,14,0,0
set,j2,agent,S300-1,1+cold,300,100,200,88.01,47.00,91.00,4.15,1.23,7.25,cluster,,,,1703,1279,3333,5109,5.22,14,0,0
set,k1,agent,S300-2,1+cold,300,100,200,86.08,46.00,89.00,1.02,-0.87,2.76,cluster,,,,1332,961,3492,6326,4.30,14,0,0
set,k1,agent,S300-1,1+cold,300,100,200,85.28,48.00,88.00,1.42,-1.12,4.15,cluster,,,,1150,916,2540,3250,4.19,14,0,1
set,k2,agent,S300-2,1+cold,300,100,200,83.21,45.00,86.00,-1.84,-4.26,0.33,cluster,,,,999,828,2119,4690,2.92,10,0,0
set,k3,agent,S300-2,1+cold,300,100,200,86.14,47.00,89.00,1.09,-0.80,2.84,cluster,,,,1288,905,3244,4278,4.28,14,0,0
set,k3,agent,S300-1,1+cold,300,100,200,86.61,47.00,89.50,2.75,-0.24,5.83,cluster,,,,1259,921,3091,4136,4.17,14,0,1
set,k3,agent,S300-3,1+cold,300,100,200,86.86,37.00,90.50,3.16,1.43,5.23,cluster,,,,1241,904,3019,4260,4.13,14,3,0
set,k3,agent,FULL-0,1+cold,600,150,450,87.38,45.33,90.44,0.54,-0.78,1.88,cluster,,,,1197,907,3019,5220,3.80,14,0,0
set,k3,agent,FULL-1,1+cold,600,150,450,84.57,40.67,87.78,-0.06,-1.57,1.45,cluster,,,,1200,856,3078,5206,3.93,14,1,1
set,k4,agent,S300-2,1+cold,300,100,200,85.21,47.00,88.00,0.16,-1.31,1.23,cluster,,,,1268,943,2697,4507,4.87,14,0,0
set,m1,agent,S300-2,1+cold,300,100,200,86.21,48.00,89.00,1.16,-1.87,4.33,cluster,,,,2233,2276,4246,5273,6.91,15,0,0
set,m1,agent,S300-1,1+cold,300,100,200,87.69,56.00,90.00,3.83,0.88,6.93,cluster,,,,2193,2276,4122,6532,6.70,15,0,1
set,m2,agent,S300-2,1+cold,300,100,200,86.08,46.00,89.00,1.02,-2.01,4.24,cluster,,,,2237,2269,4274,5291,6.91,15,0,0
set,m2,agent,S300-1,1+cold,300,100,200,88.02,54.00,90.50,4.16,1.20,7.34,cluster,,,,2194,2282,4081,6487,6.70,15,0,1
set,m3,agent,S300-2,1+cold,300,100,200,86.55,53.00,89.00,1.50,-1.60,4.91,cluster,,,,2430,2280,4722,6207,7.30,17,0,0
set,n-cr1,one-shot,S300-2,1+cold,300,100,200,87.20,42.00,90.50,2.15,-0.13,4.52,cluster,,,,1249,1254,1802,2465,1.07,2,0,0
set,n-cs2,one-shot,S300-2,1+cold,300,100,200,86.47,45.00,89.50,1.42,-1.58,4.70,cluster,,,,2449,2339,3655,5513,3.00,4,0,1
set,n-g5,hybrid,S300-2,1+cold,300,100,200,86.46,38.00,90.00,1.41,-0.41,3.17,cluster,,,,1241,948,2436,4147,1.39,3,0,0
set,n-g5,hybrid,S300-1,1+cold,300,100,200,85.47,44.00,88.50,1.61,-0.33,3.89,cluster,,,,1258,990,2346,3689,1.40,3,0,1
set,n-g5,hybrid,FULL-0,1+cold,600,150,450,86.57,42.67,89.78,-0.26,-1.98,1.32,cluster,,,,1190,903,2430,3357,1.33,3,0,0
set,n-g6,hybrid,S300-2,1+cold,300,100,200,86.53,39.00,90.00,1.48,-0.42,3.28,cluster,,,,1254,1086,2376,3550,1.53,3,0,0
set,n-g6,hybrid,S300-3,1+cold,300,100,200,84.25,26.00,88.50,0.54,-1.02,2.05,cluster,,,,1228,1018,2323,3415,1.46,3,2,0
set,n-lp0,diagnostic,S300-2,1+cold,300,100,200,85.06,31.00,89.00,0.00,0.00,0.00,cluster,,,,2036,1904,3188,4991,3.04,4,0,0
set,n-lp0,diagnostic,S300-1,1+cold,300,100,200,83.86,34.00,87.50,0.00,0.00,0.00,cluster,,,,2037,1951,3005,4796,3.02,4,0,1
set,o1,one-shot,S300-2,1+cold,300,100,200,80.40,31.00,84.00,-4.66,-8.38,-1.03,cluster,,,,925,887,1387,2118,1.05,2,0,1
set,o11,one-shot,S300-2,1+cold,300,100,200,85.19,33.00,89.00,0.14,0.00,0.46,cluster,,,,753,712,1145,1882,1.04,2,0,0
set,o12,one-shot,S300-2,1+cold,300,100,200,85.93,37.00,89.50,0.87,-1.83,3.92,cluster,,,,725,690,1129,1728,1.05,2,0,1
set,o12,one-shot,S300-1,1+cold,300,100,200,84.66,32.00,88.50,0.80,-2.72,4.33,cluster,,,,715,675,1063,1586,1.03,2,0,1
set,o2,one-shot,S300-2,1+cold,300,100,200,83.33,33.00,87.00,-1.73,-5.04,2.05,cluster,,,,1042,1008,1537,2083,1.04,2,0,0
set,o3,one-shot,S300-2,1+cold,300,100,200,84.53,37.00,88.00,-0.52,-2.05,0.83,cluster,,,,764,729,1157,1726,1.03,2,0,0
set,o4,one-shot,S300-2,1+cold,300,100,200,85.73,34.00,89.50,0.67,-1.96,3.53,cluster,,,,729,701,1131,1720,1.05,2,0,0
set,o4,one-shot,S300-1,1+cold,300,100,200,85.12,32.00,89.00,1.26,-2.06,4.63,cluster,,,,717,680,1068,1589,1.03,2,0,1
set,o5,one-shot,S300-2,1+cold,300,100,200,84.66,32.00,88.50,-0.40,-4.05,3.55,cluster,,,,759,723,1172,2085,1.02,2,0,0
set,o6,one-shot,S300-2,1+cold,300,100,200,85.06,31.00,89.00,0.00,0.00,0.00,cluster,,,,750,712,1132,2048,1.04,2,0,0
set,o7,one-shot,S300-2,1+cold,300,100,200,84.19,32.00,88.00,-0.86,-3.65,2.04,cluster,,,,780,747,1167,2019,1.04,2,0,1
set,o9,one-shot,S300-2,1+cold,300,100,200,84.66,32.00,88.50,-0.40,-3.02,2.01,cluster,,,,763,719,1160,2167,1.04,2,0,0
set,oracle,diagnostic,FULL-0,1,600,150,450,88.65,85.33,88.89,1.81,-0.57,4.32,cluster,,,,308,288,490,1110,1.00,1,0,1
set,oracles,diagnostic,FULL-0,1+cold,600,150,450,91.53,82.00,92.22,4.69,2.29,7.18,cluster,,,,334,314,544,1118,1.00,1,0,0
set,p1,one-shot,S300-2,1+cold,300,100,200,85.67,40.00,89.00,0.61,0.28,0.92,cluster,,,,1228,1275,1708,2221,1.03,2,0,0
set,p2,one-shot,S300-2,1+cold,300,100,200,85.74,41.00,89.00,0.68,0.28,1.04,cluster,,,,1224,1273,1706,2225,1.03,2,0,0
set,p2,one-shot,S300-1,1+cold,300,100,200,85.21,47.00,88.00,1.35,0.50,2.51,cluster,,,,1233,1278,1677,2269,1.01,2,0,1
set,p3,one-shot,S300-2,1+cold,300,100,200,85.74,41.00,89.00,0.68,0.35,1.02,cluster,,,,1301,1336,1944,2845,1.03,2,1,0
set,p3,one-shot,S300-1,1+cold,300,100,200,84.81,48.00,87.50,0.95,0.32,1.67,cluster,,,,1317,1333,1996,2707,1.01,2,0,1
set,p3,one-shot,S300-3,1+cold,300,100,200,84.06,30.00,88.00,0.35,-1.04,1.29,cluster,,,,1341,1367,1973,4029,1.01,2,2,0
set,p3,one-shot,FULL-1,1+cold,600,150,450,85.65,41.33,88.89,1.02,0.30,1.66,cluster,,,,1326,1323,1994,3250,1.02,2,3,1
set,p4,one-shot,S300-2,1+cold,300,100,200,85.80,42.00,89.00,0.75,0.35,1.22,cluster,,,,1297,1322,1953,2819,1.03,2,1,0
set,p4,one-shot,S300-1,1+cold,300,100,200,84.81,48.00,87.50,0.95,0.32,1.67,cluster,,,,1310,1327,1983,2592,1.01,2,0,1
set,pb,one-shot,S300-2,1+cold,300,100,200,81.42,5.00,87.00,-3.63,-10.17,2.46,cluster,,,,653,633,1023,1466,1.00,1,0,0
set,pb,one-shot,S300-1,1,300,100,200,77.63,4.00,83.00,-6.23,-12.64,-0.34,cluster,,,,634,607,955,1555,1.00,1,0,3
set,pb,one-shot,FULL-0,1,600,150,450,80.33,2.67,86.00,-6.50,-8.91,-4.23,cluster,,,,649,619,958,1782,1.00,1,0,0
set,pb:large,reference,FULL-0,1,600,150,450,87.42,3.33,93.56,0.59,-2.33,3.73,cluster,,,,36250,35144,47160,74489,1.00,1,0,0
set,pbfill,one-shot,S300-1,1,300,100,200,80.00,32.00,83.50,-3.86,-8.19,0.22,cluster,,,,701,663,1045,1616,1.00,1,0,1
set,pbfill,one-shot,FULL-0,1,600,150,450,80.69,35.33,84.00,-6.14,-9.06,-3.20,cluster,,,,716,703,1037,2544,1.00,1,0,0
set,pbs,one-shot,S300-1,1+cold,300,100,200,81.42,5.00,87.00,-2.44,-3.68,-1.46,cluster,,,,662,648,962,1589,1.00,1,0,1
set,pbs,one-shot,FULL-0,1+cold,600,150,450,83.48,3.33,89.33,-3.35,-4.76,-2.01,cluster,,,,667,636,1018,1557,1.00,1,0,0
set,pbu,one-shot,S300-1,1,300,100,200,79.80,36.00,83.00,-4.06,-9.02,0.22,cluster,,,,638,602,971,1560,1.00,1,0,1
set,quote,one-shot,S300-1,1,300,100,200,79.56,5.00,85.00,-4.30,-9.61,1.38,cluster,,,,923,848,1613,2574,1.00,1,0,6
set,r1,one-shot,S300-2,2+cold,300,100,200,84.74,40.00,88.00,-0.32,-2.22,1.26,cluster,,,,1465,1399,2100,2831,1.03,2,0,0
set,r2,one-shot,S300-2,1+cold,300,100,200,85.13,39.00,88.50,0.08,-1.32,1.16,cluster,,,,1386,1349,1808,2798,1.03,2,0,0
set,r4,one-shot,S300-2,1+cold,300,100,200,85.53,38.00,89.00,0.48,0.19,0.89,cluster,,,,1246,1280,1716,2792,1.04,2,0,0
set,r4,one-shot,S300-1,1+cold,300,100,200,85.61,46.00,88.50,1.75,0.69,3.13,cluster,,,,1232,1283,1679,2241,1.02,2,0,1
set,r4,one-shot,S300-3,1+cold,300,100,200,84.52,30.00,88.50,0.82,-0.18,1.82,cluster,,,,1238,1297,1658,3027,1.02,2,2,0
set,r4,one-shot,FULL-0,1+cold,600,150,450,87.21,46.00,90.22,0.38,-0.41,1.17,cluster,,,,1853,1430,4340,5118,1.01,2,0,0
set,r5,one-shot,S300-2,1+cold,300,100,200,87.00,39.00,90.50,1.94,-0.34,4.25,cluster,,,,1230,1265,1684,2767,1.03,2,0,0
set,r5,one-shot,S300-1,1+cold,300,100,200,84.28,47.00,87.00,0.42,-2.05,3.22,cluster,,,,1233,1282,1678,2585,1.02,2,0,1
set,r5,one-shot,S300-3,1+cold,300,100,200,85.99,31.00,90.00,2.28,-0.99,5.72,cluster,,,,1240,1297,1694,3028,1.01,2,2,0
set,r5,one-shot,FULL-0,1+cold,600,150,450,86.06,47.33,88.89,-0.77,-3.13,1.53,cluster,,,,1974,1835,3418,3962,1.01,2,0,0
set,rrfu,one-shot,S300-1,1,300,100,200,79.07,32.00,82.50,-4.80,-10.43,0.00,cluster,,,,695,669,1029,1608,1.00,1,0,1
set,s1,one-shot,S300-2,1+cold,300,100,200,87.13,41.00,90.50,2.08,-0.18,4.44,cluster,,,,1146,1156,1616,2285,1.04,2,0,0
set,s1,one-shot,S300-3,1+cold,300,100,200,85.45,30.00,89.50,1.75,-1.46,5.01,cluster,,,,1163,1190,1612,3034,1.01,2,2,0
set,s2,one-shot,S300-2,1+cold,300,100,200,85.01,44.00,88.00,-0.05,-2.86,3.03,cluster,,,,1114,1112,1578,2242,1.04,2,0,1
set,s2,one-shot,S300-3,1+cold,300,100,200,85.06,31.00,89.00,1.35,-1.97,5.08,cluster,,,,1121,1147,1566,2959,1.03,2,2,0
set,s3,hybrid,S300-2,1+cold,300,100,200,87.34,44.00,90.50,2.28,0.02,4.62,cluster,,,,2334,1704,4302,4996,2.06,4,0,0
set,s3,hybrid,S300-3,1+cold,300,100,200,85.73,34.00,89.50,2.02,-1.15,5.25,cluster,,,,1380,1410,1870,3259,2.05,4,2,0
set,s4,other,FULL-0,1+cold,600,150,450,87.21,46.00,90.22,0.38,-0.44,1.17,cluster,,,,1503,1545,1971,2991,2.03,4,0,0
set,s5,other,FULL-0,1+cold,600,150,450,87.31,47.33,90.22,0.47,-0.36,1.27,cluster,,,,1621,1560,2565,4652,2.03,4,0,0
set,sel10u,one-shot,S300-1,1,300,100,200,79.42,44.00,82.00,-4.45,-9.90,0.31,cluster,,,,1093,1035,1715,2797,2.00,2,0,1
set,sel5,one-shot,S300-1,1,300,100,200,78.09,4.00,83.50,-5.77,-10.27,-1.33,cluster,,,,745,706,1156,2025,2.00,2,0,1
set,t-lk,agent,S300-2,1+cold,300,100,200,86.08,46.00,89.00,1.02,-0.87,2.75,cluster,,,,1204,958,2415,3309,3.52,9,0,0
set,t-lk,agent,S300-1,1+cold,300,100,200,86.08,46.00,89.00,2.21,-0.38,4.88,cluster,,,,1177,959,2284,3078,3.47,9,0,1
set,t-lk,agent,S300-3,1+cold,300,100,200,85.26,34.00,89.00,1.55,-0.28,3.62,cluster,,,,1185,969,2279,4093,3.49,9,3,0
set,t-lx,agent,S300-2,1+cold,300,100,200,86.08,46.00,89.00,1.02,-2.02,4.23,cluster,,,,1681,1839,2986,3684,4.84,9,0,0
set,t-lx,agent,S300-1,1+cold,300,100,200,87.54,47.00,90.50,3.68,0.79,6.80,cluster,,,,1643,1734,2882,4543,4.69,10,0,1
set,t-x1r,diagnostic,S300-2,1+cold,300,100,200,86.14,47.00,89.00,1.09,-1.93,4.28,cluster,,,,1904,1954,3530,4472,5.59,14,0,0
set,t-x1r,diagnostic,S300-1,1+cold,300,100,200,87.68,49.00,90.50,3.82,0.90,6.94,cluster,,,,1771,1880,3172,4498,5.41,14,0,1
set,t1,agent,S300-2,1+cold,300,100,200,57.74,13.00,61.00,-27.32,-34.28,-19.97,cluster,,,,879,850,1217,1550,3.02,4,0,0
set,t1,agent,S300-1,1+cold,300,100,200,54.88,19.00,57.50,-28.98,-36.44,-21.62,cluster,,,,859,841,1152,1661,3.04,5,0,0
set,t2,agent,S300-2,1+cold,300,100,200,79.10,12.00,84.00,-5.95,-11.50,-0.60,cluster,,,,975,928,1368,1675,3.04,5,0,1
set,t2,agent,S300-1,1+cold,300,100,200,79.71,14.00,84.50,-4.16,-9.38,0.89,cluster,,,,973,953,1394,1705,3.02,4,0,0
set,t3,agent,S300-2,1+cold,300,100,200,80.04,12.00,85.00,-5.02,-9.05,-0.89,cluster,,,,1432,1377,2045,2423,4.04,6,0,0
set,t3,agent,S300-1,1+cold,300,100,200,82.57,15.00,87.50,-1.29,-4.70,2.32,cluster,,,,1429,1407,2044,2766,4.02,5,0,1
set,w2,one-shot,S300-2,1+cold,300,100,200,80.45,25.00,84.50,-4.60,-8.51,-0.70,cluster,,,,523,462,1015,3078,1.44,10,0,0
set,w4,one-shot,S300-2,1+cold,300,100,200,84.73,33.00,88.50,-0.33,-2.77,2.22,cluster,,,,1752,1715,2497,3659,8.73,11,0,0
set,w6,one-shot,S300-2,1+cold,300,100,200,85.00,37.00,88.50,-0.06,-2.43,2.37,cluster,,,,2154,2094,3027,6943,13.73,17,0,0
set,w7,one-shot,S300-2,1+cold,300,100,200,85.74,41.00,89.00,0.68,-1.26,2.68,cluster,,,,2551,2529,3295,4225,18.72,22,0,0
set,x1,agent,S300-2,1+cold,300,100,200,86.14,47.00,89.00,1.09,-1.93,4.28,cluster,,,,1820,1917,3356,4326,5.59,14,0,0
set,x1,agent,S300-1,1+cold,300,100,200,87.68,49.00,90.50,3.82,0.90,6.94,cluster,,,,1999,1971,3919,5361,5.41,14,0,1
set,x1,agent,S300-3,1+cold,300,100,200,86.00,38.00,89.50,2.29,0.24,4.34,cluster,,,,1702,1617,3160,4249,5.25,14,3,0
set,x1,agent,FULL-0,1+cold,600,150,450,87.42,46.00,90.44,0.59,-1.17,2.64,cluster,,,,1691,1357,3217,5317,4.99,14,0,0
set,x1,agent,FULL-1,1+cold,600,150,450,85.95,42.67,89.11,1.32,-0.40,2.90,cluster,,,,1772,1843,3271,5125,5.36,14,2,1
set,x2,agent,S300-2,1+cold,300,100,200,85.42,50.00,88.00,0.36,-1.83,2.63,cluster,,,,1748,1494,3487,5365,4.17,14,0,0
set,x2,agent,S300-1,1+cold,300,100,200,87.02,53.00,89.50,3.16,0.30,6.24,cluster,,,,1721,1522,3225,4030,4.02,14,0,1
set,x3,agent,S300-2,1+cold,300,100,200,84.95,50.00,87.50,-0.11,-2.71,2.23,cluster,,,,1903,1542,3578,5282,5.19,14,0,0
set,x3,agent,S300-1,1+cold,300,100,200,87.15,55.00,89.50,3.29,0.51,6.43,cluster,,,,1921,1666,3411,4556,5.31,14,0,1
set,z-ext1,diagnostic,S300-2,1+cold,300,100,200,86.54,46.00,89.50,1.49,-1.47,4.51,cluster,,,,458,518,1245,2700,0.57,1,0,0
set,z-ext1,diagnostic,S300-1,1+cold,300,100,200,85.54,45.00,88.50,1.68,-1.36,4.64,cluster,,,,425,520,1173,2153,0.53,1,0,1
set,z-think1,diagnostic,S300-2,1+cold,300,100,200,85.68,47.00,88.50,0.62,-3.24,4.54,cluster,,,,2030,2445,5010,6476,0.57,1,0,0
set,z-think1,diagnostic,S300-1,1+cold,300,100,200,85.42,50.00,88.00,1.55,-1.50,4.80,cluster,,,,1917,2353,5225,6157,0.53,1,0,1
pooled_all,a1,hybrid,S300-2,1+cold,300,100,200,84.12,31.00,88.00,-0.93,-4.72,2.80,stratified,-5.51,3.25,85.06,1128,1073,1731,2979,2.01,3,0,0
pooled_all,a2,agent,S300-2,1+cold,300,100,200,81.53,34.00,85.00,-3.52,-8.05,0.87,stratified,-8.57,1.15,85.06,1057,991,1660,2245,2.20,5,0,0
pooled_all,a3,agent,S300-2,1+cold,300,100,200,82.73,31.00,86.50,-2.33,-6.66,1.99,stratified,-6.58,1.71,85.06,918,829,1501,3622,2.10,4,0,0
pooled_all,a4,hybrid,S300-2,1+cold,300,100,200,85.06,31.00,89.00,0.00,0.00,0.00,stratified,0.00,0.00,85.06,792,736,1317,2057,1.14,3,0,0
pooled_all,a5,hybrid,S300-2+S300-3,1+cold,600,200,400,84.89,32.00,88.75,0.51,0.24,0.78,stratified,0.29,0.65,84.38,981,942,1398,3273,2.08,4,2,0
pooled_all,agent,agent,S300-2+S300-1+FULL-0,1+cold,1,1200,350,850,37.97,11.71,39.88,-47.72,-51.13,-44.39,stratified,-51.64,-44.14,85.68,926,912,1390,2377,2.85,5,0,1
pooled_noF0,agent,agent,S300-2+S300-1,1+cold,1,600,200,400,39.23,11.50,41.25,-45.23,-50.43,-40.30,stratified,-50.46,-39.99,84.46,946,933,1419,2377,2.87,5,0,1
pooled_S2+S1,agent,agent,S300-2+S300-1,1+cold,1,600,200,400,39.23,11.50,41.25,-45.23,-50.43,-40.30,stratified,-50.46,-39.99,84.46,946,933,1419,2377,2.87,5,0,1
pooled_all,cascg,one-shot,S300-1,1,300,100,200,78.58,18.00,83.00,-5.28,-9.95,-0.82,stratified,-11.76,0.49,83.86,757,706,1195,1652,1.10,3,0,3
pooled_all,e1,agent,S300-2+S300-1,1+cold,600,200,400,87.08,47.00,90.00,2.62,0.82,4.48,stratified,0.64,4.60,84.46,1990,1943,4228,7131,5.90,14,0,1
pooled_S2+S1,e1,agent,S300-2+S300-1,1+cold,600,200,400,87.08,47.00,90.00,2.62,0.82,4.48,stratified,0.64,4.60,84.46,1990,1943,4228,7131,5.90,14,0,1
pooled_all,e1o,diagnostic,S300-2+S300-1,1+cold,600,200,400,86.38,47.00,89.25,1.92,-0.18,4.02,stratified,-0.34,4.16,84.46,1,0,0,158,0.00,0,0,1
pooled_S2+S1,e1o,diagnostic,S300-2+S300-1,1+cold,600,200,400,86.38,47.00,89.25,1.92,-0.18,4.02,stratified,-0.34,4.16,84.46,1,0,0,158,0.00,0,0,1
pooled_all,estar,one-shot,FULL-0,1,600,150,450,82.29,4.00,88.00,-4.55,-7.95,-1.35,stratified,-7.01,-1.83,86.83,645,624,949,1461,1.00,1,0,0
pooled_all,g1,agent,S300-2+S300-1,2+cold,600,200,400,83.19,27.50,87.25,-1.27,-3.64,1.03,stratified,-3.75,1.41,84.46,1299,1256,1899,3140,3.70,5,0,1
pooled_S2+S1,g1,agent,S300-2+S300-1,2+cold,600,200,400,83.19,27.50,87.25,-1.27,-3.64,1.03,stratified,-3.75,1.41,84.46,1299,1256,1899,3140,3.70,5,0,1
pooled_all,g10,hybrid,S300-3+FULL-0,1+cold,900,250,650,85.52,36.80,89.08,-0.23,-1.52,1.13,stratified,-1.44,1.01,85.75,1406,1037,2708,4548,2.65,6,0,0
pooled_noF0,g10,hybrid,S300-3,1+cold,300,100,200,84.99,30.00,89.00,1.28,-0.25,3.02,stratified,-0.31,2.85,83.71,1414,1124,2713,3713,2.71,6,0,0
pooled_all,g2,agent,S300-2+S300-1,2+cold,600,200,400,84.67,39.00,88.00,0.21,-0.36,0.65,stratified,-0.42,0.68,84.46,1656,1595,2412,3256,2.66,5,0,1
pooled_S2+S1,g2,agent,S300-2+S300-1,2+cold,600,200,400,84.67,39.00,88.00,0.21,-0.36,0.65,stratified,-0.42,0.68,84.46,1656,1595,2412,3256,2.66,5,0,1
pooled_all,g5,agent,S300-2+S300-1+S300-3+FULL-0+FULL-1,1+cold,2100,600,1500,85.38,40.33,88.67,0.30,-1.01,1.61,stratified,-0.56,1.12,85.08,1485,1436,2067,3785,3.86,5,2,4
pooled_noF0,g5,agent,S300-2+S300-1+S300-3+FULL-1,1+cold,1500,450,1050,85.70,39.78,89.05,1.32,-0.25,2.80,stratified,0.58,2.12,84.38,1480,1425,2085,3459,3.87,5,2,4
pooled_S2+S1,g5,agent,S300-2+S300-1,1+cold,600,200,400,85.44,43.50,88.50,0.98,-1.28,3.24,stratified,-0.97,3.31,84.46,1477,1441,2066,2827,3.83,5,0,3
pooled_S3+F1,g5,agent,S300-3+FULL-1,1+cold,900,250,650,85.81,36.80,89.38,1.53,-0.32,3.61,stratified,-0.08,2.98,84.28,1481,1420,2109,3459,3.89,5,2,1
pooled_all,g6,agent,S300-2+S300-1,1+cold,600,200,400,84.67,39.00,88.00,0.21,-0.36,0.65,stratified,-0.43,0.66,84.46,1641,1584,2346,3013,2.67,5,0,1
pooled_S2+S1,g6,agent,S300-2+S300-1,1+cold,600,200,400,84.67,39.00,88.00,0.21,-0.36,0.65,stratified,-0.43,0.66,84.46,1641,1584,2346,3013,2.67,5,0,1
pooled_all,g7,agent,S300-2,1+cold,300,100,200,84.86,35.00,88.50,-0.19,-1.33,0.54,stratified,-1.49,0.74,85.06,1662,1581,2421,3529,2.72,6,0,0
pooled_all,g8,agent,S300-2,1+cold,300,100,200,84.86,35.00,88.50,-0.19,-1.26,0.54,stratified,-1.48,0.73,85.06,1614,1557,2402,3215,2.43,5,0,0
pooled_all,g9,agent,S300-2,1+cold,300,100,200,84.80,41.00,88.00,-0.25,-3.71,3.21,stratified,-3.23,3.13,85.06,1744,1659,2513,3109,3.83,5,0,1
pooled_all,gate,one-shot,S300-1,1+cold,300,100,200,78.93,30.00,82.50,-4.93,-9.47,-0.66,stratified,-11.27,0.72,83.86,724,693,1068,1627,1.00,1,0,3
pooled_all,gatea,one-shot,S300-1+FULL-0,1+cold,900,250,650,82.18,34.00,85.69,-3.72,-6.01,-1.36,stratified,-6.57,-1.17,85.90,737,705,1057,2544,1.03,2,0,3
pooled_noF0,gatea,one-shot,S300-1,1+cold,300,100,200,79.46,31.00,83.00,-4.40,-8.93,-0.19,stratified,-10.68,1.24,83.86,736,703,1068,1615,1.04,2,0,3
pooled_all,gates,one-shot,S300-2+S300-1+S300-3+FULL-0+FULL-1,1+cold,2100,600,1500,85.08,30.50,89.07,,,,,,,85.08,749,714,1103,3030,1.02,2,5,2
pooled_noF0,gates,one-shot,S300-2+S300-1+S300-3+FULL-1,1+cold,1500,450,1050,84.38,28.22,88.48,,,,,,,84.38,748,715,1107,3030,1.03,2,5,2
pooled_S2+S1,gates,one-shot,S300-2+S300-1,1+cold,600,200,400,84.46,32.50,88.25,,,,,,,84.46,759,726,1104,2052,1.03,2,0,1
pooled_S3+F1,gates,one-shot,S300-3+FULL-1,1+cold,900,250,650,84.28,24.80,88.62,,,,,,,84.28,741,707,1111,3030,1.03,2,5,1
pooled_all,gates6,one-shot,S300-1+FULL-0,1+cold,900,250,650,85.79,34.40,89.54,-0.11,-0.30,0.08,stratified,-0.28,0.05,85.90,769,738,1098,1851,1.01,2,2,1
pooled_noF0,gates6,one-shot,S300-1,1+cold,300,100,200,83.73,32.00,87.50,-0.14,-0.54,0.27,stratified,-0.54,0.31,83.86,773,740,1110,1707,1.02,2,0,1
pooled_all,gatesf,one-shot,S300-1+FULL-0,1+cold,900,250,650,84.33,34.00,88.00,-1.57,-3.28,0.01,stratified,-2.93,-0.17,85.90,762,728,1092,2701,1.02,2,0,1
pooled_noF0,gatesf,one-shot,S300-1,1+cold,300,100,200,83.66,31.00,87.50,-0.20,-2.86,2.26,stratified,-2.79,2.51,83.86,761,725,1154,1601,1.02,2,0,1
pooled_all,gatesi,one-shot,S300-1+FULL-0,1+cold,900,250,650,85.42,33.20,89.23,-0.48,-2.08,1.12,stratified,-1.74,0.82,85.90,775,745,1088,1883,1.02,2,1,1
pooled_noF0,gatesi,one-shot,S300-1,1+cold,300,100,200,85.06,31.00,89.00,1.19,-0.68,3.39,stratified,-0.77,3.43,83.86,771,752,1088,1647,1.02,2,0,1
pooled_all,gatesm,one-shot,S300-1+FULL-0,1+cold,900,250,650,84.64,34.40,88.31,-1.26,-2.72,0.23,stratified,-2.73,0.11,85.90,763,726,1089,2714,1.02,2,0,1
pooled_noF0,gatesm,one-shot,S300-1,1+cold,300,100,200,82.86,33.00,86.50,-1.00,-3.60,1.60,stratified,-3.33,1.27,83.86,761,721,1089,1693,1.02,2,0,1
pooled_all,h4,hybrid,S300-2+S300-1,1+cold,600,200,400,85.49,54.50,87.75,1.03,-0.61,2.66,stratified,-0.30,2.50,84.46,1984,1599,3779,5797,5.92,20,0,1
pooled_S2+S1,h4,hybrid,S300-2+S300-1,1+cold,600,200,400,85.49,54.50,87.75,1.03,-0.61,2.66,stratified,-0.30,2.50,84.46,1984,1599,3779,5797,5.92,20,0,1
pooled_all,h6,hybrid,S300-2,1+cold,300,100,200,85.02,51.00,87.50,-0.04,-2.24,1.89,stratified,-1.47,1.24,85.06,1991,1601,3923,6787,5.96,20,0,0
pooled_all,hdru,one-shot,S300-1+FULL-0,1,900,250,650,81.44,40.00,84.46,-4.46,-6.72,-2.20,stratified,-6.53,-2.25,85.90,642,615,960,2413,1.00,1,0,1
pooled_noF0,hdru,one-shot,S300-1,1,300,100,200,82.67,37.00,86.00,-1.19,-4.80,2.14,stratified,-4.35,2.02,83.86,629,607,914,1562,1.00,1,0,1
pooled_all,hdru6,one-shot,S300-1+FULL-0,1,1+cold,900,250,650,80.88,42.40,83.69,-5.01,-7.39,-2.63,stratified,-7.36,-2.77,85.90,705,670,1049,1892,1.00,1,2,1
pooled_noF0,hdru6,one-shot,S300-1,1,1+cold,300,100,200,82.14,43.00,85.00,-1.72,-5.90,2.20,stratified,-6.21,2.69,83.86,693,653,1055,1892,1.00,1,0,1
pooled_all,hdrud10,one-shot,S300-1+FULL-0,1,1+cold,900,250,650,82.30,40.00,85.38,-3.60,-5.80,-1.37,stratified,-6.18,-1.15,85.90,648,628,966,2425,1.00,1,0,1
pooled_noF0,hdrud10,one-shot,S300-1,1,1+cold,300,100,200,81.80,38.00,85.00,-2.06,-5.91,1.34,stratified,-6.15,2.01,83.86,635,608,938,1555,1.00,1,0,1
pooled_all,hfill,one-shot,S300-1+FULL-0,1,1+cold,900,250,650,81.91,36.40,85.23,-3.99,-6.36,-1.66,stratified,-6.00,-1.97,85.90,716,691,1034,2551,1.00,1,0,2
pooled_noF0,hfill,one-shot,S300-1,1,1+cold,300,100,200,82.00,34.00,85.50,-1.86,-5.73,1.81,stratified,-5.48,1.91,83.86,703,670,1032,1617,1.00,1,0,2
pooled_all,j1,agent,S300-2+S300-1,1+cold,600,200,400,86.08,46.00,89.00,1.62,-0.58,3.88,stratified,-0.25,3.54,84.46,1470,1183,3199,4388,4.59,14,0,0
pooled_S2+S1,j1,agent,S300-2+S300-1,1+cold,600,200,400,86.08,46.00,89.00,1.62,-0.58,3.88,stratified,-0.25,3.54,84.46,1470,1183,3199,4388,4.59,14,0,0
pooled_all,j2,agent,S300-2+S300-1,1+cold,600,200,400,87.47,46.00,90.50,3.02,0.85,5.15,stratified,0.56,5.47,84.46,1741,1307,3401,5109,5.36,14,0,0
pooled_S2+S1,j2,agent,S300-2+S300-1,1+cold,600,200,400,87.47,46.00,90.50,3.02,0.85,5.15,stratified,0.56,5.47,84.46,1741,1307,3401,5109,5.36,14,0,0
pooled_all,k1,agent,S300-2+S300-1,1+cold,600,200,400,85.68,47.00,88.50,1.22,-0.34,2.86,stratified,-0.40,2.80,84.46,1241,926,2766,6326,4.25,14,0,1
pooled_S2+S1,k1,agent,S300-2+S300-1,1+cold,600,200,400,85.68,47.00,88.50,1.22,-0.34,2.86,stratified,-0.40,2.80,84.46,1241,926,2766,6326,4.25,14,0,1
pooled_all,k2,agent,S300-2,1+cold,300,100,200,83.21,45.00,86.00,-1.84,-4.31,0.16,stratified,-4.26,0.33,85.06,999,828,2119,4690,2.92,10,0,0
pooled_all,k3,agent,S300-2+S300-1+S300-3+FULL-0+FULL-1,1+cold,2100,600,1500,86.21,43.33,89.33,1.12,0.29,1.99,stratified,0.27,1.94,85.08,1226,896,3069,5220,4.00,14,4,2
pooled_noF0,k3,agent,S300-2+S300-1+S300-3+FULL-1,1+cold,1500,450,1050,85.72,42.67,88.86,1.34,0.27,2.39,stratified,0.29,2.42,84.38,1237,892,3079,5206,4.09,14,4,2
pooled_S2+S1,k3,agent,S300-2+S300-1,1+cold,600,200,400,86.38,47.00,89.25,1.92,0.36,3.61,stratified,0.16,3.74,84.46,1273,910,3110,4278,4.22,14,0,1
pooled_S3+F1,k3,agent,S300-3+FULL-1,1+cold,900,250,650,85.25,39.20,88.62,0.98,-0.36,2.36,stratified,-0.15,2.22,84.28,1214,879,3066,5206,3.99,14,4,1
pooled_all,k4,agent,S300-2,1+cold,300,100,200,85.21,47.00,88.00,0.16,-2.38,2.43,stratified,-1.31,1.23,85.06,1268,943,2697,4507,4.87,14,0,0
pooled_all,m1,agent,S300-2+S300-1,1+cold,600,200,400,86.95,52.00,89.50,2.49,0.38,4.56,stratified,-0.03,5.15,84.46,2213,2276,4235,6532,6.80,15,0,1
pooled_S2+S1,m1,agent,S300-2+S300-1,1+cold,600,200,400,86.95,52.00,89.50,2.49,0.38,4.56,stratified,-0.03,5.15,84.46,2213,2276,4235,6532,6.80,15,0,1
pooled_all,m2,agent,S300-2+S300-1,1+cold,600,200,400,87.05,50.00,89.75,2.59,0.45,4.79,stratified,0.04,5.28,84.46,2216,2269,4185,6487,6.80,15,0,1
pooled_S2+S1,m2,agent,S300-2+S300-1,1+cold,600,200,400,87.05,50.00,89.75,2.59,0.45,4.79,stratified,0.04,5.28,84.46,2216,2269,4185,6487,6.80,15,0,1
pooled_all,m3,agent,S300-2,1+cold,300,100,200,86.55,53.00,89.00,1.50,-1.57,4.49,stratified,-1.60,4.91,85.06,2430,2280,4722,6207,7.30,17,0,0
pooled_all,n-cr1,one-shot,S300-2,1+cold,300,100,200,87.20,42.00,90.50,2.15,-0.25,4.68,stratified,-0.13,4.52,85.06,1249,1254,1802,2465,1.07,2,0,0
pooled_all,n-cs2,one-shot,S300-2,1+cold,300,100,200,86.47,45.00,89.50,1.42,-1.91,4.76,stratified,-1.58,4.70,85.06,2449,2339,3655,5513,3.00,4,0,1
pooled_all,n-g5,hybrid,S300-2+S300-1+FULL-0,1+cold,1200,350,850,86.28,41.71,89.53,0.60,-0.50,1.70,stratified,-0.30,1.49,85.68,1220,943,2413,4147,1.36,3,0,1
pooled_noF0,n-g5,hybrid,S300-2+S300-1,1+cold,600,200,400,85.97,41.00,89.25,1.51,0.04,3.02,stratified,0.21,2.92,84.46,1249,978,2413,4147,1.40,3,0,1
pooled_S2+S1,n-g5,hybrid,S300-2+S300-1,1+cold,600,200,400,85.97,41.00,89.25,1.51,0.04,3.02,stratified,0.21,2.92,84.46,1249,978,2413,4147,1.40,3,0,1
pooled_all,n-g6,hybrid,S300-2+S300-3,1+cold,600,200,400,85.39,32.50,89.25,1.01,-0.29,2.37,stratified,-0.32,2.27,84.38,1241,1067,2329,3550,1.49,3,2,0
pooled_all,n-lp0,diagnostic,S300-2+S300-1,1+cold,600,200,400,84.46,32.50,88.25,0.00,0.00,0.00,stratified,0.00,0.00,84.46,2037,1926,3090,4991,3.03,4,0,1
pooled_S2+S1,n-lp0,diagnostic,S300-2+S300-1,1+cold,600,200,400,84.46,32.50,88.25,0.00,0.00,0.00,stratified,0.00,0.00,84.46,2037,1926,3090,4991,3.03,4,0,1
pooled_all,o1,one-shot,S300-2,1+cold,300,100,200,80.40,31.00,84.00,-4.66,-8.32,-0.80,stratified,-8.38,-1.03,85.06,925,887,1387,2118,1.05,2,0,1
pooled_all,o11,one-shot,S300-2,1+cold,300,100,200,85.19,33.00,89.00,0.14,0.00,0.34,stratified,0.00,0.46,85.06,753,712,1145,1882,1.04,2,0,0
pooled_all,o12,one-shot,S300-2+S300-1,1+cold,600,200,400,85.29,34.50,89.00,0.84,-1.46,3.16,stratified,-1.38,2.87,84.46,720,684,1096,1728,1.04,2,0,2
pooled_S2+S1,o12,one-shot,S300-2+S300-1,1+cold,600,200,400,85.29,34.50,89.00,0.84,-1.46,3.16,stratified,-1.38,2.87,84.46,720,684,1096,1728,1.04,2,0,2
pooled_all,o2,one-shot,S300-2,1+cold,300,100,200,83.33,33.00,87.00,-1.73,-4.72,1.20,stratified,-5.04,2.05,85.06,1042,1008,1537,2083,1.04,2,0,0
pooled_all,o3,one-shot,S300-2,1+cold,300,100,200,84.53,37.00,88.00,-0.52,-2.06,0.54,stratified,-2.05,0.83,85.06,764,729,1157,1726,1.03,2,0,0
pooled_all,o4,one-shot,S300-2+S300-1,1+cold,600,200,400,85.42,33.00,89.25,0.97,-1.23,3.16,stratified,-1.25,3.07,84.46,723,690,1086,1720,1.04,2,0,1
pooled_S2+S1,o4,one-shot,S300-2+S300-1,1+cold,600,200,400,85.42,33.00,89.25,0.97,-1.23,3.16,stratified,-1.25,3.07,84.46,723,690,1086,1720,1.04,2,0,1
pooled_all,o5,one-shot,S300-2,1+cold,300,100,200,84.66,32.00,88.50,-0.40,-4.06,3.33,stratified,-4.05,3.55,85.06,759,723,1172,2085,1.02,2,0,0
pooled_all,o6,one-shot,S300-2,1+cold,300,100,200,85.06,31.00,89.00,0.00,0.00,0.00,stratified,0.00,0.00,85.06,750,712,1132,2048,1.04,2,0,0
pooled_all,o7,one-shot,S300-2,1+cold,300,100,200,84.19,32.00,88.00,-0.86,-3.66,1.60,stratified,-3.65,2.04,85.06,780,747,1167,2019,1.04,2,0,1
pooled_all,o9,one-shot,S300-2,1+cold,300,100,200,84.66,32.00,88.50,-0.40,-2.80,2.00,stratified,-3.02,2.01,85.06,763,719,1160,2167,1.04,2,0,0
pooled_all,oracle,diagnostic,FULL-0,1,600,150,450,88.65,85.33,88.89,1.81,-1.11,4.80,stratified,-0.57,4.32,86.83,308,288,490,1110,1.00,1,0,1
pooled_all,oracles,diagnostic,FULL-0,1+cold,600,150,450,91.53,82.00,92.22,4.69,2.27,7.13,stratified,2.29,7.18,86.83,334,314,544,1118,1.00,1,0,0
pooled_all,p1,one-shot,S300-2,1+cold,300,100,200,85.67,40.00,89.00,0.61,0.27,1.02,stratified,0.28,0.92,85.06,1228,1275,1708,2221,1.03,2,0,0
pooled_all,p2,one-shot,S300-2+S300-1,1+cold,600,200,400,85.47,44.00,88.50,1.02,0.58,1.69,stratified,0.52,1.63,84.46,1228,1274,1692,2269,1.02,2,0,1
pooled_S2+S1,p2,one-shot,S300-2+S300-1,1+cold,600,200,400,85.47,44.00,88.50,1.02,0.58,1.69,stratified,0.52,1.63,84.46,1228,1274,1692,2269,1.02,2,0,1
pooled_all,p3,one-shot,S300-2+S300-1+S300-3+FULL-1,1+cold,1500,450,1050,85.19,40.22,88.48,0.82,0.34,1.28,stratified,0.36,1.27,84.38,1322,1333,1973,4029,1.02,2,6,2
pooled_S2+S1,p3,one-shot,S300-2+S300-1,1+cold,600,200,400,85.27,44.50,88.25,0.82,0.51,1.12,stratified,0.39,1.29,84.46,1309,1333,1969,2845,1.02,2,1,1
pooled_S3+F1,p3,one-shot,S300-3+FULL-1,1+cold,900,250,650,85.09,36.80,88.62,0.82,0.05,1.57,stratified,0.23,1.34,84.28,1331,1334,1985,4029,1.01,2,5,1
pooled_all,p4,one-shot,S300-2+S300-1,1+cold,600,200,400,85.31,45.00,88.25,0.85,0.54,1.16,stratified,0.40,1.32,84.46,1304,1325,1963,2819,1.02,2,1,1
pooled_S2+S1,p4,one-shot,S300-2+S300-1,1+cold,600,200,400,85.31,45.00,88.25,0.85,0.54,1.16,stratified,0.40,1.32,84.46,1304,1325,1963,2819,1.02,2,1,1
pooled_all,pb,one-shot,S300-2+S300-1+FULL-0,1+cold,1,1200,350,850,79.97,3.71,85.53,-5.72,-7.92,-3.56,stratified,-8.40,-3.16,85.68,646,618,965,1782,1.00,1,0,3
pooled_noF0,pb,one-shot,S300-2+S300-1,1+cold,1,600,200,400,79.53,4.50,85.00,-4.93,-8.30,-1.80,stratified,-9.21,-0.97,84.46,643,615,971,1555,1.00,1,0,3
pooled_S2+S1,pb,one-shot,S300-2+S300-1,1+cold,1,600,200,400,79.53,4.50,85.00,-4.93,-8.30,-1.80,stratified,-9.21,-0.97,84.46,643,615,971,1555,1.00,1,0,3
pooled_all,pb:large,reference,FULL-0,1,600,150,450,87.42,3.33,93.56,0.59,-2.22,3.30,stratified,-2.33,3.73,86.83,36250,35144,47160,74489,1.00,1,0,0
pooled_all,pbfill,one-shot,S300-1+FULL-0,1,900,250,650,80.46,34.00,83.85,-5.44,-7.76,-3.11,stratified,-8.07,-2.83,85.90,711,687,1038,2544,1.00,1,0,1
pooled_noF0,pbfill,one-shot,S300-1,1,300,100,200,80.00,32.00,83.50,-3.86,-7.73,-0.14,stratified,-8.19,0.22,83.86,701,663,1045,1616,1.00,1,0,1
pooled_all,pbs,one-shot,S300-1+FULL-0,1+cold,900,250,650,82.86,4.00,88.62,-3.04,-3.97,-2.22,stratified,-4.14,-2.00,85.90,665,639,987,1589,1.00,1,0,1
pooled_noF0,pbs,one-shot,S300-1,1+cold,300,100,200,81.42,5.00,87.00,-2.44,-3.72,-1.56,stratified,-3.68,-1.46,83.86,662,648,962,1589,1.00,1,0,1
pooled_all,pbu,one-shot,S300-1,1,300,100,200,79.80,36.00,83.00,-4.06,-7.99,-0.26,stratified,-9.02,0.22,83.86,638,602,971,1560,1.00,1,0,1
pooled_all,quote,one-shot,S300-1,1,300,100,200,79.56,5.00,85.00,-4.30,-9.56,0.90,stratified,-9.61,1.38,83.86,923,848,1613,2574,1.00,1,0,6
pooled_all,r1,one-shot,S300-2,2+cold,300,100,200,84.74,40.00,88.00,-0.32,-1.85,0.88,stratified,-2.22,1.26,85.06,1465,1399,2100,2831,1.03,2,0,0
pooled_all,r2,one-shot,S300-2,1+cold,300,100,200,85.13,39.00,88.50,0.08,-1.18,0.96,stratified,-1.32,1.16,85.06,1386,1349,1808,2798,1.03,2,0,0
pooled_all,r4,one-shot,S300-2+S300-1+S300-3+FULL-0,1+cold,1500,450,1050,86.02,40.67,89.33,0.75,0.20,1.33,stratified,0.24,1.25,85.27,1484,1327,3762,5118,1.02,2,2,1
pooled_noF0,r4,one-shot,S300-2+S300-1+S300-3,1+cold,900,300,600,85.22,38.00,88.67,1.01,0.37,1.70,stratified,0.42,1.64,84.21,1239,1285,1687,3027,1.02,2,2,1
pooled_S2+S1,r4,one-shot,S300-2+S300-1,1+cold,600,200,400,85.57,42.00,88.75,1.11,0.51,1.95,stratified,0.51,1.84,84.46,1239,1281,1700,2792,1.03,2,0,1
pooled_all,r5,one-shot,S300-2+S300-1+S300-3+FULL-0,1+cold,1500,450,1050,85.83,41.78,89.05,0.56,-0.70,1.94,stratified,-0.64,1.70,85.27,1530,1381,3096,3962,1.02,2,2,1
pooled_noF0,r5,one-shot,S300-2+S300-1+S300-3,1+cold,900,300,600,85.76,39.00,89.17,1.55,-0.14,3.26,stratified,-0.06,3.16,84.21,1234,1285,1684,3028,1.02,2,2,1
pooled_S2+S1,r5,one-shot,S300-2+S300-1,1+cold,600,200,400,85.64,43.00,88.75,1.18,-0.75,3.21,stratified,-0.63,3.12,84.46,1231,1272,1681,2767,1.02,2,0,1
pooled_all,rrfu,one-shot,S300-1,1,300,100,200,79.07,32.00,82.50,-4.80,-9.13,-0.87,stratified,-10.43,0.00,83.86,695,669,1029,1608,1.00,1,0,1
pooled_all,s1,one-shot,S300-2+S300-3,1+cold,600,200,400,86.29,35.50,90.00,1.91,0.04,4.08,stratified,-0.19,3.93,84.38,1155,1182,1614,3034,1.02,2,2,0
pooled_all,s2,one-shot,S300-2+S300-3,1+cold,600,200,400,85.03,37.50,88.50,0.65,-1.52,2.85,stratified,-1.73,3.34,84.38,1117,1131,1566,2959,1.04,2,2,1
pooled_all,s3,hybrid,S300-2+S300-3,1+cold,600,200,400,86.53,39.00,90.00,2.15,0.29,4.28,stratified,0.07,4.14,84.38,1857,1472,4062,4996,2.06,4,2,0
pooled_all,s4,other,FULL-0,1+cold,600,150,450,87.21,46.00,90.22,0.38,-0.61,1.32,stratified,-0.44,1.17,86.83,1503,1545,1971,2991,2.03,4,0,0
pooled_all,s5,other,FULL-0,1+cold,600,150,450,87.31,47.33,90.22,0.47,-0.56,1.42,stratified,-0.36,1.27,86.83,1621,1560,2565,4652,2.03,4,0,0
pooled_all,sel10u,one-shot,S300-1,1,300,100,200,79.42,44.00,82.00,-4.45,-9.43,0.68,stratified,-9.90,0.31,83.86,1093,1035,1715,2797,2.00,2,0,1
pooled_all,sel5,one-shot,S300-1,1,300,100,200,78.09,4.00,83.50,-5.77,-10.63,-1.23,stratified,-10.27,-1.33,83.86,745,706,1156,2025,2.00,2,0,1
pooled_all,t-lk,agent,S300-2+S300-1+S300-3,1+cold,900,300,600,85.80,42.00,89.00,1.60,0.49,2.79,stratified,0.07,2.98,84.21,1189,961,2351,4093,3.49,9,3,1
pooled_S2+S1,t-lk,agent,S300-2+S300-1,1+cold,600,200,400,86.08,46.00,89.00,1.62,0.09,3.16,stratified,-0.00,3.26,84.46,1191,959,2378,3309,3.50,9,0,1
pooled_all,t-lx,agent,S300-2+S300-1,1+cold,600,200,400,86.81,46.50,89.75,2.35,0.19,4.55,stratified,-0.23,5.00,84.46,1662,1809,2895,4543,4.76,10,0,1
pooled_S2+S1,t-lx,agent,S300-2+S300-1,1+cold,600,200,400,86.81,46.50,89.75,2.35,0.19,4.55,stratified,-0.23,5.00,84.46,1662,1809,2895,4543,4.76,10,0,1
pooled_all,t-x1r,diagnostic,S300-2+S300-1,1+cold,600,200,400,86.91,48.00,89.75,2.45,0.32,4.65,stratified,-0.07,5.09,84.46,1837,1920,3387,4498,5.50,14,0,1
pooled_S2+S1,t-x1r,diagnostic,S300-2+S300-1,1+cold,600,200,400,86.91,48.00,89.75,2.45,0.32,4.65,stratified,-0.07,5.09,84.46,1837,1920,3387,4498,5.50,14,0,1
pooled_all,t1,agent,S300-2+S300-1,1+cold,600,200,400,56.31,16.00,59.25,-28.15,-32.88,-23.86,stratified,-34.61,-21.99,84.46,869,844,1205,1661,3.03,5,0,0
pooled_S2+S1,t1,agent,S300-2+S300-1,1+cold,600,200,400,56.31,16.00,59.25,-28.15,-32.88,-23.86,stratified,-34.61,-21.99,84.46,869,844,1205,1661,3.03,5,0,0
pooled_all,t2,agent,S300-2+S300-1,1+cold,600,200,400,79.40,13.00,84.25,-5.05,-8.36,-1.99,stratified,-9.31,-0.98,84.46,974,945,1390,1705,3.03,5,0,1
pooled_S2+S1,t2,agent,S300-2+S300-1,1+cold,600,200,400,79.40,13.00,84.25,-5.05,-8.36,-1.99,stratified,-9.31,-0.98,84.46,974,945,1390,1705,3.03,5,0,1
pooled_all,t3,agent,S300-2+S300-1,1+cold,600,200,400,81.30,13.50,86.25,-3.16,-5.83,-0.39,stratified,-6.24,-0.16,84.46,1430,1392,2044,2766,4.03,6,0,1
pooled_S2+S1,t3,agent,S300-2+S300-1,1+cold,600,200,400,81.30,13.50,86.25,-3.16,-5.83,-0.39,stratified,-6.24,-0.16,84.46,1430,1392,2044,2766,4.03,6,0,1
pooled_all,w2,one-shot,S300-2,1+cold,300,100,200,80.45,25.00,84.50,-4.60,-9.13,-0.27,stratified,-8.51,-0.70,85.06,523,462,1015,3078,1.44,10,0,0
pooled_all,w4,one-shot,S300-2,1+cold,300,100,200,84.73,33.00,88.50,-0.33,-2.86,2.07,stratified,-2.77,2.22,85.06,1752,1715,2497,3659,8.73,11,0,0
pooled_all,w6,one-shot,S300-2,1+cold,300,100,200,85.00,37.00,88.50,-0.06,-2.19,2.01,stratified,-2.43,2.37,85.06,2154,2094,3027,6943,13.73,17,0,0
pooled_all,w7,one-shot,S300-2,1+cold,300,100,200,85.74,41.00,89.00,0.68,-1.19,2.62,stratified,-1.26,2.68,85.06,2551,2529,3295,4225,18.72,22,0,0
pooled_all,x1,agent,S300-2+S300-1+S300-3+FULL-0+FULL-1,1+cold,2100,600,1500,86.66,44.50,89.73,1.57,0.53,2.64,stratified,0.56,2.54,85.08,1778,1775,3352,5361,5.28,14,5,2
pooled_noF0,x1,agent,S300-2+S300-1+S300-3+FULL-1,1+cold,1500,450,1050,86.34,44.00,89.43,1.96,0.70,3.23,stratified,0.73,3.10,84.38,1813,1843,3401,5361,5.39,14,5,2
pooled_S2+S1,x1,agent,S300-2+S300-1,1+cold,600,200,400,86.91,48.00,89.75,2.45,0.32,4.65,stratified,-0.07,5.09,84.46,1910,1939,3634,5361,5.50,14,0,1
pooled_S3+F1,x1,agent,S300-3+FULL-1,1+cold,900,250,650,85.94,40.80,89.23,1.66,0.18,3.31,stratified,0.30,3.00,84.28,1749,1800,3200,5125,5.32,14,5,1
pooled_all,x2,agent,S300-2+S300-1,1+cold,600,200,400,86.22,51.50,88.75,1.76,-0.04,3.55,stratified,-0.35,3.85,84.46,1735,1501,3395,5365,4.10,14,0,1
pooled_S2+S1,x2,agent,S300-2+S300-1,1+cold,600,200,400,86.22,51.50,88.75,1.76,-0.04,3.55,stratified,-0.35,3.85,84.46,1735,1501,3395,5365,4.10,14,0,1
pooled_all,x3,agent,S300-2+S300-1,1+cold,600,200,400,86.05,52.50,88.50,1.59,-0.24,3.46,stratified,-0.60,3.72,84.46,1912,1597,3525,5282,5.25,14,0,1
pooled_S2+S1,x3,agent,S300-2+S300-1,1+cold,600,200,400,86.05,52.50,88.50,1.59,-0.24,3.46,stratified,-0.60,3.72,84.46,1912,1597,3525,5282,5.25,14,0,1
pooled_all,z-ext1,diagnostic,S300-2+S300-1,1+cold,600,200,400,86.04,45.50,89.00,1.58,-0.88,3.98,stratified,-0.22,3.41,84.46,441,518,1205,2700,0.55,1,0,1
pooled_S2+S1,z-ext1,diagnostic,S300-2+S300-1,1+cold,600,200,400,86.04,45.50,89.00,1.58,-0.88,3.98,stratified,-0.22,3.41,84.46,441,518,1205,2700,0.55,1,0,1
pooled_all,z-think1,diagnostic,S300-2+S300-1,1+cold,600,200,400,85.55,48.50,88.25,1.09,-1.58,3.73,stratified,-1.60,3.88,84.46,1974,2426,5122,6476,0.55,1,0,1
pooled_S2+S1,z-think1,diagnostic,S300-2+S300-1,1+cold,600,200,400,85.55,48.50,88.25,1.09,-1.58,3.73,stratified,-1.60,3.88,84.46,1974,2426,5122,6476,0.55,1,0,1
